address,label
0x00000000000000000000000000000000000d340b,1
0x00000000000000000000000000000000000d8549,1
0x00000000000000000000000000000000000e2adf,1
0x0000000000000000000000000000000000002b0f,1
0x00000000000000000000000000000000000853c7,1
0x000000000000000000000000000000000005ebcb,1
0x0000000000000000000000000000000000045d97,1
0x000000000000000000000000000000000001029b,1
0x00000000000000000000000000000000000dd174,1
0x0000000000000000000000000000000000027407,1
0x0000000000000000000000000000000000002479,0
0x000000000000000000000000000000000008b55b,0
0x000000000000000000000000000000000007daa3,0
0x000000000000000000000000000000000004f059,0
0x0000000000000000000000000000000000058e87,0
0x0000000000000000000000000000000000054ab9,0
0x0000000000000000000000000000000000099d3b,0
0x00000000000000000000000000000000000a7cb1,0
0x000000000000000000000000000000000004821b,0
0x0000000000000000000000000000000000066adb,0
0x000000000000000000000000000000000001f028,0
0x00000000000000000000000000000000000c12e3,0
0x0000000000000000000000000000000000084ebf,0
0x000000000000000000000000000000000007979a,0
0x00000000000000000000000000000000000ab9f5,0
0x000000000000000000000000000000000005dbbe,0
0x00000000000000000000000000000000000d9c90,0
0x00000000000000000000000000000000000e94c8,0
0x00000000000000000000000000000000000d33a0,0
0x000000000000000000000000000000000004d7f4,0
0x000000000000000000000000000000000004ded3,0
0x00000000000000000000000000000000000a8adb,0
0x00000000000000000000000000000000000d7aef,0
0x000000000000000000000000000000000001439c,0
0x0000000000000000000000000000000000086b8c,0
0x000000000000000000000000000000000002862d,0
0x000000000000000000000000000000000001de22,0
0x000000000000000000000000000000000001ccfc,0
0x000000000000000000000000000000000006b185,0
0x0000000000000000000000000000000000061651,0
0x000000000000000000000000000000000008db72,0
0x000000000000000000000000000000000008c0ff,0
0x00000000000000000000000000000000000712c4,0
0x000000000000000000000000000000000008c72e,0
0x00000000000000000000000000000000000f2798,0
0x000000000000000000000000000000000001f9c1,0
0x00000000000000000000000000000000000f0009,0
0x0000000000000000000000000000000000074b37,0
0x00000000000000000000000000000000000ce31d,0
0x0000000000000000000000000000000000065cf1,0
