tx_hash,from_address,to_address,value,gas,gas_price,timestamp,is_contract
0x0000000000000000000000000000000000000000000000000000000000000000,0x000000000000000000000000000000000001dc66,0x000000000000000000000000000000000003162b,3.571898294768963,82267,39.1147292843563,2020-01-01 00:00:00,0
0x0000000000000000000000000000000000000000000000000000000000000001,0x00000000000000000000000000000000000a3db3,0x00000000000000000000000000000000000300a1,0.4301082344749475,69354,16.881533015726124,2020-01-01 01:00:00,1
0x0000000000000000000000000000000000000000000000000000000000000002,0x000000000000000000000000000000000002035c,0x00000000000000000000000000000000000890c9,0.7924229623240089,23557,44.68162650730876,2020-01-01 02:00:00,1
0x0000000000000000000000000000000000000000000000000000000000000003,0x000000000000000000000000000000000005950e,0x00000000000000000000000000000000000367bd,2.113123721307875,59360,1.5487531050737273,2020-01-01 03:00:00,1
0x0000000000000000000000000000000000000000000000000000000000000004,0x000000000000000000000000000000000003f46a,0x00000000000000000000000000000000000983e3,0.38970773537609105,23200,1.903174964139469,2020-01-01 04:00:00,0
0x0000000000000000000000000000000000000000000000000000000000000005,0x000000000000000000000000000000000009d447,0x00000000000000000000000000000000000e7f5e,0.12015641782526454,89497,86.46756847690679,2020-01-01 05:00:00,0
0x0000000000000000000000000000000000000000000000000000000000000006,0x000000000000000000000000000000000001aebc,0x0000000000000000000000000000000000082d0e,0.5132104558305857,67975,22.329251210387234,2020-01-01 06:00:00,1
0x0000000000000000000000000000000000000000000000000000000000000007,0x00000000000000000000000000000000000b2c14,0x00000000000000000000000000000000000771c7,0.2637125377500943,42357,6.7944520648713995,2020-01-01 07:00:00,0
0x0000000000000000000000000000000000000000000000000000000000000008,0x000000000000000000000000000000000000d666,0x0000000000000000000000000000000000089dcd,3.982425128820937,98505,36.93267941395078,2020-01-01 08:00:00,1
0x0000000000000000000000000000000000000000000000000000000000000009,0x0000000000000000000000000000000000021879,0x00000000000000000000000000000000000beed6,2.4763306207268543,23869,73.48239702228676,2020-01-01 09:00:00,1
0x000000000000000000000000000000000000000000000000000000000000000a,0x00000000000000000000000000000000000f41d2,0x00000000000000000000000000000000000564fb,1.5052412857807966,82135,12.155900171495167,2020-01-01 10:00:00,0
0x000000000000000000000000000000000000000000000000000000000000000b,0x000000000000000000000000000000000007f4d6,0x00000000000000000000000000000000000403f8,3.07727959578122,71108,48.760980932824644,2020-01-01 11:00:00,1
0x000000000000000000000000000000000000000000000000000000000000000c,0x00000000000000000000000000000000000e914a,0x000000000000000000000000000000000008d927,2.4419534111108345,59467,4.460551449494864,2020-01-01 12:00:00,1
0x000000000000000000000000000000000000000000000000000000000000000d,0x00000000000000000000000000000000000155ca,0x0000000000000000000000000000000000035ed4,0.3097432145379586,44328,2.6532547955154704,2020-01-01 13:00:00,0
0x000000000000000000000000000000000000000000000000000000000000000e,0x00000000000000000000000000000000000db857,0x0000000000000000000000000000000000005acf,3.3462201078533416,24987,37.89544703127605,2020-01-01 14:00:00,1
0x000000000000000000000000000000000000000000000000000000000000000f,0x00000000000000000000000000000000000ded74,0x0000000000000000000000000000000000005eec,1.162649852949258,79871,38.89552213473711,2020-01-01 15:00:00,0
0x0000000000000000000000000000000000000000000000000000000000000010,0x000000000000000000000000000000000002ac63,0x0000000000000000000000000000000000072151,2.4710224369553493,43399,50.7268724102308,2020-01-01 16:00:00,1
0x0000000000000000000000000000000000000000000000000000000000000011,0x000000000000000000000000000000000002eb67,0x000000000000000000000000000000000009436e,3.396363973929347,67214,64.74802814583421,2020-01-01 17:00:00,0
0x0000000000000000000000000000000000000000000000000000000000000012,0x0000000000000000000000000000000000043e97,0x0000000000000000000000000000000000082434,0.5740960746274777,91271,186.17785043499964,2020-01-01 18:00:00,1
0x0000000000000000000000000000000000000000000000000000000000000013,0x000000000000000000000000000000000000a082,0x0000000000000000000000000000000000055317,0.17488824018577626,65064,36.31455596151781,2020-01-01 19:00:00,0
0x0000000000000000000000000000000000000000000000000000000000000014,0x0000000000000000000000000000000000050695,0x0000000000000000000000000000000000042f99,0.38803011920907204,91091,19.50098570529894,2020-01-01 20:00:00,0
0x0000000000000000000000000000000000000000000000000000000000000015,0x000000000000000000000000000000000000fd34,0x00000000000000000000000000000000000af8d8,0.8355865391229216,61818,79.28269898663432,2020-01-01 21:00:00,1
0x0000000000000000000000000000000000000000000000000000000000000016,0x00000000000000000000000000000000000c0301,0x00000000000000000000000000000000000b52fb,2.5557445899584175,66525,15.792573271806864,2020-01-01 22:00:00,0
0x0000000000000000000000000000000000000000000000000000000000000017,0x000000000000000000000000000000000004e957,0x00000000000000000000000000000000000698bb,2.9570174578197497,40830,28.899171563665067,2020-01-01 23:00:00,0
0x0000000000000000000000000000000000000000000000000000000000000018,0x00000000000000000000000000000000000af5eb,0x00000000000000000000000000000000000e217b,0.01046461377247597,38429,4.085258429183495,2020-01-02 00:00:00,1
0x0000000000000000000000000000000000000000000000000000000000000019,0x000000000000000000000000000000000004fd9d,0x000000000000000000000000000000000007e1ec,1.0723142390078335,27893,1.2838804770737189,2020-01-02 01:00:00,1
0x000000000000000000000000000000000000000000000000000000000000001a,0x00000000000000000000000000000000000bdb25,0x0000000000000000000000000000000000039c28,0.810409981378007,68333,164.3689961634301,2020-01-02 02:00:00,0
0x000000000000000000000000000000000000000000000000000000000000001b,0x0000000000000000000000000000000000030981,0x000000000000000000000000000000000008949c,0.37675100741373674,24436,90.38838210575312,2020-01-02 03:00:00,0
0x000000000000000000000000000000000000000000000000000000000000001c,0x00000000000000000000000000000000000c14bf,0x00000000000000000000000000000000000cc80e,0.19152058731847021,95290,59.53213663996708,2020-01-02 04:00:00,0
0x000000000000000000000000000000000000000000000000000000000000001d,0x00000000000000000000000000000000000193bb,0x00000000000000000000000000000000000eef2c,0.6178628697936487,97213,26.292982223257095,2020-01-02 05:00:00,0
0x000000000000000000000000000000000000000000000000000000000000001e,0x0000000000000000000000000000000000039914,0x000000000000000000000000000000000005c040,4.294681684036725,26895,9.515326807105437,2020-01-02 06:00:00,0
0x000000000000000000000000000000000000000000000000000000000000001f,0x00000000000000000000000000000000000344a0,0x000000000000000000000000000000000000bf58,0.5855757043222116,40738,8.506037078642708,2020-01-02 07:00:00,0
0x0000000000000000000000000000000000000000000000000000000000000020,0x000000000000000000000000000000000002d1cb,0x0000000000000000000000000000000000049f46,1.0971792086402279,51746,14.40029945632918,2020-01-02 08:00:00,1
0x0000000000000000000000000000000000000000000000000000000000000021,0x0000000000000000000000000000000000054d39,0x0000000000000000000000000000000000040a08,1.8211304653212823,70377,39.83953241566573,2020-01-02 09:00:00,1
0x0000000000000000000000000000000000000000000000000000000000000022,0x0000000000000000000000000000000000067015,0x000000000000000000000000000000000001d557,0.6779617484504435,69404,62.692464388838786,2020-01-02 10:00:00,1
0x0000000000000000000000000000000000000000000000000000000000000023,0x00000000000000000000000000000000000f18fc,0x000000000000000000000000000000000006f480,5.3516972074375495,75045,53.969517484839926,2020-01-02 11:00:00,0
0x0000000000000000000000000000000000000000000000000000000000000024,0x000000000000000000000000000000000003f2eb,0x00000000000000000000000000000000000f07eb,4.923014796812097,60790,16.420613069449796,2020-01-02 12:00:00,0
0x0000000000000000000000000000000000000000000000000000000000000025,0x0000000000000000000000000000000000076b58,0x0000000000000000000000000000000000020a87,0.43509194248830796,26600,154.90517492781532,2020-01-02 13:00:00,0
0x0000000000000000000000000000000000000000000000000000000000000026,0x00000000000000000000000000000000000dfe30,0x000000000000000000000000000000000009e5d7,1.031488917695771,61764,66.95087024376132,2020-01-02 14:00:00,0
0x0000000000000000000000000000000000000000000000000000000000000027,0x000000000000000000000000000000000007a1da,0x00000000000000000000000000000000000abc3e,0.5368956901185702,95543,40.411524096566566,2020-01-02 15:00:00,0
0x0000000000000000000000000000000000000000000000000000000000000028,0x000000000000000000000000000000000002643a,0x000000000000000000000000000000000002148a,0.5028745145716226,66714,47.30152360187175,2020-01-02 16:00:00,1
0x0000000000000000000000000000000000000000000000000000000000000029,0x00000000000000000000000000000000000d49fe,0x00000000000000000000000000000000000755f2,0.056376716648283795,77835,27.20189327660257,2020-01-02 17:00:00,0
0x000000000000000000000000000000000000000000000000000000000000002a,0x000000000000000000000000000000000005dea9,0x0000000000000000000000000000000000049a50,1.4107381064738898,94744,14.233064613703176,2020-01-02 18:00:00,0
0x000000000000000000000000000000000000000000000000000000000000002b,0x00000000000000000000000000000000000247ff,0x00000000000000000000000000000000000a8187,1.0477794492444577,77491,22.00070646615562,2020-01-02 19:00:00,0
0x000000000000000000000000000000000000000000000000000000000000002c,0x000000000000000000000000000000000009fddb,0x00000000000000000000000000000000000036a2,0.07927663107058872,39589,70.90909238783566,2020-01-02 20:00:00,1
0x000000000000000000000000000000000000000000000000000000000000002d,0x0000000000000000000000000000000000080abb,0x000000000000000000000000000000000008f1a2,0.48993888151555404,64484,0.7249039860402138,2020-01-02 21:00:00,0
0x000000000000000000000000000000000000000000000000000000000000002e,0x000000000000000000000000000000000009e3cf,0x000000000000000000000000000000000001f920,3.583291426634011,57212,6.169019611998802,2020-01-02 22:00:00,0
0x000000000000000000000000000000000000000000000000000000000000002f,0x000000000000000000000000000000000006e70e,0x000000000000000000000000000000000000317a,0.4107908282131156,64525,2.3547188476260263,2020-01-02 23:00:00,0
0x0000000000000000000000000000000000000000000000000000000000000030,0x00000000000000000000000000000000000100bd,0x0000000000000000000000000000000000049704,0.23479629147820463,68202,2.0790725958646212,2020-01-03 00:00:00,1
0x0000000000000000000000000000000000000000000000000000000000000031,0x000000000000000000000000000000000001fbbd,0x0000000000000000000000000000000000020de9,1.0084081642104543,53635,96.71015168078293,2020-01-03 01:00:00,0
0x0000000000000000000000000000000000000000000000000000000000000032,0x0000000000000000000000000000000000014aae,0x00000000000000000000000000000000000468e6,6.36605547392289,84208,60.812030585034414,2020-01-03 02:00:00,1
0x0000000000000000000000000000000000000000000000000000000000000033,0x00000000000000000000000000000000000e8bbd,0x00000000000000000000000000000000000cfbf9,0.4157172203395893,54828,32.13922972064462,2020-01-03 03:00:00,1
0x0000000000000000000000000000000000000000000000000000000000000034,0x00000000000000000000000000000000000dd232,0x0000000000000000000000000000000000099828,1.67273251544594,39711,5.147845922390663,2020-01-03 04:00:00,0
0x0000000000000000000000000000000000000000000000000000000000000035,0x000000000000000000000000000000000009076b,0x00000000000000000000000000000000000acc1b,2.1508314393591945,24420,33.82589828986166,2020-01-03 05:00:00,0
0x0000000000000000000000000000000000000000000000000000000000000036,0x000000000000000000000000000000000004de36,0x0000000000000000000000000000000000045886,0.4069997585037087,21301,32.07251660471856,2020-01-03 06:00:00,1
0x0000000000000000000000000000000000000000000000000000000000000037,0x00000000000000000000000000000000000504f3,0x00000000000000000000000000000000000c20c8,1.9541233927384742,66236,9.509735640011248,2020-01-03 07:00:00,0
0x0000000000000000000000000000000000000000000000000000000000000038,0x0000000000000000000000000000000000087b3f,0x0000000000000000000000000000000000007747,0.687784198896456,87235,28.444956565116193,2020-01-03 08:00:00,0
0x0000000000000000000000000000000000000000000000000000000000000039,0x00000000000000000000000000000000000dc5f8,0x00000000000000000000000000000000000f330b,1.500755621597657,75240,25.416830729160345,2020-01-03 09:00:00,1
0x000000000000000000000000000000000000000000000000000000000000003a,0x0000000000000000000000000000000000042c82,0x000000000000000000000000000000000005bba1,1.5057567407064574,86726,47.836121645656725,2020-01-03 10:00:00,1
0x000000000000000000000000000000000000000000000000000000000000003b,0x0000000000000000000000000000000000050de4,0x00000000000000000000000000000000000ccc20,1.1510778749285233,31492,50.405726802045606,2020-01-03 11:00:00,1
0x000000000000000000000000000000000000000000000000000000000000003c,0x0000000000000000000000000000000000080f32,0x0000000000000000000000000000000000055c2f,0.14194373821743145,27102,2.3181162010267364,2020-01-03 12:00:00,1
0x000000000000000000000000000000000000000000000000000000000000003d,0x000000000000000000000000000000000008a286,0x00000000000000000000000000000000000df1f6,2.7054671913694452,71336,23.469200232753078,2020-01-03 13:00:00,0
0x000000000000000000000000000000000000000000000000000000000000003e,0x0000000000000000000000000000000000077814,0x00000000000000000000000000000000000c8996,0.5802154405010949,47641,49.15624973913643,2020-01-03 14:00:00,0
0x000000000000000000000000000000000000000000000000000000000000003f,0x000000000000000000000000000000000003eb48,0x0000000000000000000000000000000000092e3d,0.3096481599113348,55584,34.97197263038949,2020-01-03 15:00:00,1
0x0000000000000000000000000000000000000000000000000000000000000040,0x00000000000000000000000000000000000738a6,0x00000000000000000000000000000000000f36d7,0.062444639691517805,53745,97.06747265877193,2020-01-03 16:00:00,0
0x0000000000000000000000000000000000000000000000000000000000000041,0x0000000000000000000000000000000000055511,0x000000000000000000000000000000000009e324,1.3406676068918753,44093,53.74873820274989,2020-01-03 17:00:00,0
0x0000000000000000000000000000000000000000000000000000000000000042,0x00000000000000000000000000000000000a2983,0x0000000000000000000000000000000000077862,1.6977776014010233,87105,8.892643438365367,2020-01-03 18:00:00,1
0x0000000000000000000000000000000000000000000000000000000000000043,0x0000000000000000000000000000000000042258,0x000000000000000000000000000000000006f767,0.025090421337705927,72885,3.659121812812042,2020-01-03 19:00:00,0
0x0000000000000000000000000000000000000000000000000000000000000044,0x000000000000000000000000000000000003a93b,0x0000000000000000000000000000000000042ad5,1.0764458768242324,57631,51.41970735544456,2020-01-03 20:00:00,0
0x0000000000000000000000000000000000000000000000000000000000000045,0x000000000000000000000000000000000003a80d,0x0000000000000000000000000000000000005fda,0.38523622058243645,93991,1.3434536333697213,2020-01-03 21:00:00,0
0x0000000000000000000000000000000000000000000000000000000000000046,0x00000000000000000000000000000000000320f1,0x00000000000000000000000000000000000da622,1.554186512321538,25014,44.067368890364534,2020-01-03 22:00:00,0
0x0000000000000000000000000000000000000000000000000000000000000047,0x00000000000000000000000000000000000aa7f9,0x00000000000000000000000000000000000313c0,0.2874063338087006,32093,140.8627727693576,2020-01-03 23:00:00,0
0x0000000000000000000000000000000000000000000000000000000000000048,0x00000000000000000000000000000000000b2b08,0x0000000000000000000000000000000000077ee2,1.7613187913515786,39070,42.83912227887722,2020-01-04 00:00:00,0
0x0000000000000000000000000000000000000000000000000000000000000049,0x0000000000000000000000000000000000065d59,0x00000000000000000000000000000000000dba64,0.7334380514716526,56777,24.56503461119536,2020-01-04 01:00:00,0
0x000000000000000000000000000000000000000000000000000000000000004a,0x0000000000000000000000000000000000010a34,0x0000000000000000000000000000000000021fae,4.140515726706461,77958,51.541357892249096,2020-01-04 02:00:00,0
0x000000000000000000000000000000000000000000000000000000000000004b,0x00000000000000000000000000000000000bdb81,0x00000000000000000000000000000000000735cd,0.22191662015891842,31729,30.647798702554564,2020-01-04 03:00:00,1
0x000000000000000000000000000000000000000000000000000000000000004c,0x000000000000000000000000000000000009e553,0x0000000000000000000000000000000000026a82,0.6256986509927576,66017,39.44071802881601,2020-01-04 04:00:00,0
0x000000000000000000000000000000000000000000000000000000000000004d,0x000000000000000000000000000000000003d85b,0x000000000000000000000000000000000002cf00,0.1806664275554946,87320,141.90635731164997,2020-01-04 05:00:00,1
0x000000000000000000000000000000000000000000000000000000000000004e,0x00000000000000000000000000000000000dd56e,0x0000000000000000000000000000000000034404,3.8792855957260857,48751,24.396376367509358,2020-01-04 06:00:00,0
0x000000000000000000000000000000000000000000000000000000000000004f,0x00000000000000000000000000000000000a5bbb,0x00000000000000000000000000000000000981f6,3.147500560741491,99069,162.4545930753377,2020-01-04 07:00:00,0
0x0000000000000000000000000000000000000000000000000000000000000050,0x00000000000000000000000000000000000de5c6,0x00000000000000000000000000000000000e1afe,0.44749105509223336,75748,117.87880918849596,2020-01-04 08:00:00,1
0x0000000000000000000000000000000000000000000000000000000000000051,0x000000000000000000000000000000000008bdab,0x00000000000000000000000000000000000db18d,1.6181441085658719,26801,10.8948130470225,2020-01-04 09:00:00,0
0x0000000000000000000000000000000000000000000000000000000000000052,0x000000000000000000000000000000000003e9fc,0x0000000000000000000000000000000000096366,2.549226108958832,40190,3.594207765157851,2020-01-04 10:00:00,1
0x0000000000000000000000000000000000000000000000000000000000000053,0x00000000000000000000000000000000000c4307,0x000000000000000000000000000000000009db1a,1.215198541029762,70689,5.311266774081511,2020-01-04 11:00:00,0
0x0000000000000000000000000000000000000000000000000000000000000054,0x00000000000000000000000000000000000dafae,0x000000000000000000000000000000000001d188,1.1314191152909192,71993,0.9194943923616852,2020-01-04 12:00:00,1
0x0000000000000000000000000000000000000000000000000000000000000055,0x000000000000000000000000000000000001a022,0x00000000000000000000000000000000000e00ce,0.4153155681568547,50592,4.960250582787707,2020-01-04 13:00:00,0
0x0000000000000000000000000000000000000000000000000000000000000056,0x00000000000000000000000000000000000938cd,0x000000000000000000000000000000000003540e,0.1465892107124111,31647,57.44374362885836,2020-01-04 14:00:00,1
0x0000000000000000000000000000000000000000000000000000000000000057,0x00000000000000000000000000000000000c8c50,0x0000000000000000000000000000000000035759,3.412684837791784,29716,3.692481347321351,2020-01-04 15:00:00,0
0x0000000000000000000000000000000000000000000000000000000000000058,0x0000000000000000000000000000000000070631,0x000000000000000000000000000000000001de29,3.46016164147264,91316,19.207859414743425,2020-01-04 16:00:00,1
0x0000000000000000000000000000000000000000000000000000000000000059,0x00000000000000000000000000000000000b0f67,0x0000000000000000000000000000000000085b7b,1.5040048792243272,23368,93.17630200486386,2020-01-04 17:00:00,0
0x000000000000000000000000000000000000000000000000000000000000005a,0x00000000000000000000000000000000000c4c01,0x00000000000000000000000000000000000ec5cc,0.6210697647169858,98575,1.1773501590355755,2020-01-04 18:00:00,0
0x000000000000000000000000000000000000000000000000000000000000005b,0x00000000000000000000000000000000000703fd,0x000000000000000000000000000000000003deb2,0.6443514237174659,27655,84.22652530929793,2020-01-04 19:00:00,1
0x000000000000000000000000000000000000000000000000000000000000005c,0x0000000000000000000000000000000000032d85,0x00000000000000000000000000000000000bbe3e,1.9416981445906771,91031,16.554173341981475,2020-01-04 20:00:00,0
0x000000000000000000000000000000000000000000000000000000000000005d,0x00000000000000000000000000000000000baa35,0x000000000000000000000000000000000000c35f,3.411146023660878,97429,6.287505991455382,2020-01-04 21:00:00,0
0x000000000000000000000000000000000000000000000000000000000000005e,0x0000000000000000000000000000000000053469,0x00000000000000000000000000000000000bcae6,3.27169885409492,76766,59.65777042199567,2020-01-04 22:00:00,0
0x000000000000000000000000000000000000000000000000000000000000005f,0x000000000000000000000000000000000004cf03,0x000000000000000000000000000000000001dcf0,2.2703432878963548,34403,49.56995882166101,2020-01-04 23:00:00,0
0x0000000000000000000000000000000000000000000000000000000000000060,0x0000000000000000000000000000000000029f35,0x000000000000000000000000000000000009a233,1.5409660403515575,53097,104.97079070434734,2020-01-05 00:00:00,0
0x0000000000000000000000000000000000000000000000000000000000000061,0x00000000000000000000000000000000000425dc,0x000000000000000000000000000000000002d3fc,0.1318375892941261,99657,66.41467893822002,2020-01-05 01:00:00,0
0x0000000000000000000000000000000000000000000000000000000000000062,0x000000000000000000000000000000000006b2be,0x000000000000000000000000000000000001b05f,0.2644413220251173,31966,81.34979029969891,2020-01-05 02:00:00,1
0x0000000000000000000000000000000000000000000000000000000000000063,0x00000000000000000000000000000000000f1ad9,0x00000000000000000000000000000000000d5783,3.4323457502662587,73921,16.56669311533693,2020-01-05 03:00:00,0
